,chroma_stft_mean,chroma_stft_var,rms_mean,rms_var,spectral_centroid_mean,spectral_centroid_var,spectral_bandwidth_mean,spectral_bandwidth_var,rolloff_mean,rolloff_var,zero_crossing_rate_mean,zero_crossing_rate_var,harmony_mean,harmony_var,tempo
count,9990.0,9990.0,9990.0,9990.0,9990.0,9990.0,9990.0,9990.0,9990.0,9990.0,9990.0,9990.0,9990.0,9990.0,9990.0
mean,0.37953406256792305,0.08487614814650724,0.130859051315553,0.0026763876223850395,2199.219430691308,416672.6989504547,2241.3859586828216,118271.11291929272,4566.076592480401,1628789.9708252298,0.10257848631383784,0.0026201208107729302,-0.0003646305098396048,0.012597571358020001,124.88770947706574
std,0.09046576246268033,0.009636621859894855,0.0685453931206165,0.003585628049987836,751.8606107309253,434964.43625815556,543.85444860614,101350.46328301445,1642.0653354818098,1489398.2100910828,0.045651186566009735,0.003613560398452007,0.0016994390144797818,0.012633241433510118,32.91167624815243
min,0.1071077585220336,0.015344750136137,0.0009534877026453,4.379534601639534e-08,472.7416363812982,811.881305070605,499.162910224096,1183.520328093848,658.3362755408654,1145.101529783046,0.013525390625,5.022604789959609e-06,-0.0266721360385417,9.312308610806998e-23,24.37721108490566
25%,0.31569752842187876,0.079832911491394,0.08378209359943864,0.0006145899533294,1630.680157925678,123196.13077076715,1887.4557896565,48765.52695668556,3378.3111102764424,559551.3760850186,0.06728985126201922,0.000627594840597075,-0.00012684543980865,0.004086401546373925,103.359375
50%,0.3847408890724182,0.0851079411804676,0.12125336751341816,0.00149131799116725,2208.628236238905,265069.21461883705,2230.575594986748,89960.71986751966,4631.377892127404,1160079.604578512,0.0978684645432692,0.00139030355673565,-1.261318129763822e-05,0.00842978525906795,123.046875
75%,0.4424432888627052,0.09109228849411002,0.1763276793062687,0.003130862256511975,2712.5818836448716,562415.2492953353,2588.340505082939,158567.35313970945,5591.634521484375,2262437.1271411693,0.13274864783653842,0.0030577937773698253,1.5137592981773194e-05,0.017302870750427173,143.5546875
max,0.7494807839393616,0.1209642887115478,0.4425667524337768,0.0326152220368385,5432.534406367859,4794118.600272487,3708.147554476941,1235142.5131573672,9487.44647686298,12983203.774324711,0.347705078125,0.0651853790085696,0.0156880374997854,0.1270515024662017,287.109375
